id,title,content,news_datetime,source,create_time,relevance,direction,impact,content_hash
4272,欧洲柴油期货有望在3月份累涨81%，单月涨幅创纪录，因中东战争扰乱了供应。,欧洲柴油期货有望在3月份累涨81%，单月涨幅创纪录，因中东战争扰乱了供应。,2026-04-01 00:23:09,华尔街见闻,2026-04-01 00:24:03,True,1,1,0981958f6cc018ff8c4bc22001cc8380
4274,受中东战争扰乱供应影响，欧洲柴油基准期货3 月有望实现 81%的月度涨幅，创下历史纪录,受中东战争扰乱供应影响，欧洲柴油基准期货3 月有望实现 81%的月度涨幅，创下历史纪录,2026-04-01 00:22:47,新浪财经,2026-04-01 00:31:15,True,1,1,50699f4743540d2ed97f4d941c0f99ed
4273,以军称过去一天打击伊朗20处武器生产及研发设施,3月31日，以色列国防军发表声明称，过去一天，以色列空军对伊朗境内20处武器生产设施及研发场所实施打击。以军称，在当天早间的一轮空袭行动中，以空军战机向多个目标投下约80枚炸弹，其中包括用于生产弹道导弹发动机“关键部件”的设施、进行导弹发动机试验的场所，以及一处防空系统生产基地。（央视）,2026-04-01 00:22:36,华尔街见闻,2026-04-01 00:24:15,True,1,1,a0f36dee82cad800c72efcfc2afe028f
4275,【以军称过去一天打击伊朗20处武器生产及研发设施】新浪财经4月1日讯，当地时间3月31日，以色列国防军发表声明称，过去一天，以色列空军对伊朗境内20处武器生产设...,【以军称过去一天打击伊朗20处武器生产及研发设施】新浪财经4月1日讯，当地时间3月31日，以色列国防军发表声明称，过去一天，以色列空军对伊朗境内20处武器生产设施及研发场所实施打击。以军称，在当天早间的一轮空袭行动中，以空军战机向多个目标投下约80枚炸弹，其中包括用于生产弹道导弹发动机“关键部件”的设施、进行导弹发动机试验的场所，以及一处防空系统生产基地。以军此前表示，计划在次日完成对伊朗军事生产体系中所有“关键”资产的打击。（央视新闻）,2026-04-01 00:21:42,新浪财经,2026-04-01 00:31:30,True,1,3,f8b88361503cf142e87ca3fc507c8398
4276,【德国两年期国债收益率3月份涨超61个基点】新浪财经4月1日讯，周二（3月31日）欧市尾盘，德国10年期国债收益率跌3.1个基点，报3.004%，3月份累计上涨...,【德国两年期国债收益率3月份涨超61个基点】新浪财经4月1日讯，周二（3月31日）欧市尾盘，德国10年期国债收益率跌3.1个基点，报3.004%，3月份累计上涨36.1个基点，整体持续走高，3月27日欧市早盘曾达到3.129%，一季度累计上涨14.9个基点，2月28日欧股收盘时跌至2.643个基点，随后持续反弹。两年期德债收益率跌0.4个基点，报2.616%，3月份累涨61.2个基点，一季度累涨49.5个基点。30年期德债收益率跌4.6个基点，报3.457%，3月份累涨14.3个基点。2/10年期德债收益率利差跌2.536个基点，报+38.489个基点，3月份累跌25.204个基点，一季度累跌34.658个基点。,2026-04-01 00:20:47,新浪财经,2026-04-01 00:32:25,True,1,1,8de9f95a011d1e1c200e0752a9324503
4271,德国两年期国债收益率3月份涨超61个基点,"周二（3月31日）欧市尾盘，德国10年期国债收益率跌3.1个基点，报3.004%，3月份累计上涨36.1个基点，整体持续走高，3月27日欧市早盘曾达到3.129%，一季度累计上涨14.9个基点，2月28日欧股收盘时跌至2.643个基点，随后持续反弹。

两年期德债收益率跌0.4个基点，报2.616%，3月份累涨61.2个基点，一季度累涨49.5个基点。

30年期德债收益率跌4.6个基点，报3.457%，3月份累涨14.3个基点。

2/10年期德债收益率利差跌2.536个基点，报+38.489个基点，3月份累跌25.204个基点，一季度累跌34.658个基点。",2026-04-01 00:20:44,华尔街见闻,2026-04-01 00:23:24,True,0,0,db9f2f81feec167e84b3f80599f3e087
